<?xml version="1.0" encoding="UTF-8"?>
<Tokens version="1.0">
	<File path="Classes/IFlyDataUploader.html">
		
		<Token>
			<TokenIdentifier>//apple_ref/occ/cl/IFlyDataUploader</TokenIdentifier>
			<Abstract type="html">数据上传类，主要用于上传语法文件或上传联系人、词表等个性化数据。</Abstract>
			<DeclaredIn>IFlyDataUploader.h</DeclaredIn>
            
			
			<NodeRef refid="3"/>
		</Token>
		
		
		<Token>
			<TokenIdentifier>//apple_ref/occ/instm/IFlyDataUploader/setDataName:</TokenIdentifier>
			<Abstract type="html">数据名称</Abstract>
			<DeclaredIn>IFlyDataUploader.h</DeclaredIn>
			
			<Declaration>@property (nonatomic, copy) NSString *dataName</Declaration>
			
			
			<Anchor>//api/name/dataName</Anchor>
            <NodeRef refid="3"/>
		</Token>
		
		<Token>
			<TokenIdentifier>//apple_ref/occ/instm/IFlyDataUploader/dataName</TokenIdentifier>
			<Abstract type="html">数据名称</Abstract>
			<DeclaredIn>IFlyDataUploader.h</DeclaredIn>
			
			<Declaration>@property (nonatomic, copy) NSString *dataName</Declaration>
			
			
			<Anchor>//api/name/dataName</Anchor>
            <NodeRef refid="3"/>
		</Token>
		
		<Token>
			<TokenIdentifier>//apple_ref/occ/instp/IFlyDataUploader/dataName</TokenIdentifier>
			<Abstract type="html">数据名称</Abstract>
			<DeclaredIn>IFlyDataUploader.h</DeclaredIn>
			
			<Declaration>@property (nonatomic, copy) NSString *dataName</Declaration>
			
			
			<Anchor>//api/name/dataName</Anchor>
            <NodeRef refid="3"/>
		</Token>
		
		<Token>
			<TokenIdentifier>//apple_ref/occ/instm/IFlyDataUploader/setData:</TokenIdentifier>
			<Abstract type="html">数据</Abstract>
			<DeclaredIn>IFlyDataUploader.h</DeclaredIn>
			
			<Declaration>@property (nonatomic, copy) NSString *data</Declaration>
			
			
			<Anchor>//api/name/data</Anchor>
            <NodeRef refid="3"/>
		</Token>
		
		<Token>
			<TokenIdentifier>//apple_ref/occ/instm/IFlyDataUploader/data</TokenIdentifier>
			<Abstract type="html">数据</Abstract>
			<DeclaredIn>IFlyDataUploader.h</DeclaredIn>
			
			<Declaration>@property (nonatomic, copy) NSString *data</Declaration>
			
			
			<Anchor>//api/name/data</Anchor>
            <NodeRef refid="3"/>
		</Token>
		
		<Token>
			<TokenIdentifier>//apple_ref/occ/instp/IFlyDataUploader/data</TokenIdentifier>
			<Abstract type="html">数据</Abstract>
			<DeclaredIn>IFlyDataUploader.h</DeclaredIn>
			
			<Declaration>@property (nonatomic, copy) NSString *data</Declaration>
			
			
			<Anchor>//api/name/data</Anchor>
            <NodeRef refid="3"/>
		</Token>
		
		<Token>
			<TokenIdentifier>//apple_ref/occ/instm/IFlyDataUploader/uploadDataWithCompletionHandler:name:data:</TokenIdentifier>
			<Abstract type="html">上传数据
此函数用于上传数据，下载的过程是异步的。</Abstract>
			<DeclaredIn>IFlyDataUploader.h</DeclaredIn>
			
			<Declaration>- (void)uploadDataWithCompletionHandler:(IFlyUploadDataCompletionHandler)completionHandler name:(NSString *)name data:(NSString *)data</Declaration>
			<Parameters>
				<Parameter>
					<Name>completionHandler</Name>
					<Abstract type="html">-[in] 上传完成回调</Abstract>
				</Parameter><Parameter>
					<Name>name</Name>
					<Abstract type="html">-[in] 上传的内容名称，名称最好和你要上传的数据内容相关,不可以为nil</Abstract>
				</Parameter><Parameter>
					<Name>data</Name>
					<Abstract type="html">-[in] 上传的数据，以utf8编码,不可以为nil</Abstract>
				</Parameter>
			</Parameters>
			
			<Anchor>//api/name/uploadDataWithCompletionHandler:name:data:</Anchor>
            <NodeRef refid="3"/>
		</Token>
		
		<Token>
			<TokenIdentifier>//apple_ref/occ/instm/IFlyDataUploader/setParameter:forKey:</TokenIdentifier>
			<Abstract type="html">设置上传数据参数</Abstract>
			<DeclaredIn>IFlyDataUploader.h</DeclaredIn>
			
			<Declaration>- (void)setParameter:(NSString *)parameter forKey:(NSString *)key</Declaration>
			<Parameters>
				<Parameter>
					<Name>parameter</Name>
					<Abstract type="html">参数值</Abstract>
				</Parameter><Parameter>
					<Name>key</Name>
					<Abstract type="html">参数名</Abstract>
				</Parameter>
			</Parameters>
			
			<Anchor>//api/name/setParameter:forKey:</Anchor>
            <NodeRef refid="3"/>
		</Token>
		
        
        
	</File>
</Tokens>