<?xml version="1.0" encoding="UTF-8"?>
<Tokens version="1.0">
	<File path="Classes/IFlyContact.html">
		
		<Token>
			<TokenIdentifier>//apple_ref/occ/cl/IFlyContact</TokenIdentifier>
			<Abstract type="html">此接口为获取通信录中的联系人。&lt;br&gt;
获取联系人是为了在进行语音识别时(sms)能更好的识别出您说的人名,联系人上传是属于个性化的一部分。</Abstract>
			<DeclaredIn>IFlyContact.h</DeclaredIn>
            
			
			<NodeRef refid="2"/>
		</Token>
		
		
		<Token>
			<TokenIdentifier>//apple_ref/occ/instm/IFlyContact/contact</TokenIdentifier>
			<Abstract type="html">获取联系人。&lt;br&gt;
调用此方法需要添加 AddressBook.framework 和 Contacts.framework到工程中，调用此方法后可以直接将通信录中的联系人转化为语音云识别的数据结构。您可以将获取的数据通过IFlyDataUploader类，上传到语音云，我们只获取通信录中的人名。</Abstract>
			<DeclaredIn>IFlyContact.h</DeclaredIn>
			
			<Declaration>- (NSString *)contact</Declaration>
			
			<ReturnValue><Abstract type="html">返回联系人信息</Abstract></ReturnValue>
			<Anchor>//api/name/contact</Anchor>
            <NodeRef refid="2"/>
		</Token>
		
        
        
	</File>
</Tokens>