<?xml version="1.0" encoding="UTF-8"?>
<Tokens version="1.0">
	<File path="Classes/IFlyResourceUtil.html">
		
		<Token>
			<TokenIdentifier>//apple_ref/occ/cl/IFlyResourceUtil</TokenIdentifier>
			<Abstract type="html">资源工具类</Abstract>
			<DeclaredIn>IFlyResourceUtil.h</DeclaredIn>
            
			
			<NodeRef refid="8"/>
		</Token>
		
		
		<Token>
			<TokenIdentifier>//apple_ref/occ/clm/IFlyResourceUtil/ENGINE_START</TokenIdentifier>
			<Abstract type="html">获取通过MSPSetParam，启动引擎的标识</Abstract>
			<DeclaredIn>IFlyResourceUtil.h</DeclaredIn>
			
			<Declaration>+ (NSString *)ENGINE_START</Declaration>
			
			<ReturnValue><Abstract type="html">通过MSPSetParam，启动引擎的标识</Abstract></ReturnValue>
			<Anchor>//api/name/ENGINE_START</Anchor>
            <NodeRef refid="8"/>
		</Token>
		
		<Token>
			<TokenIdentifier>//apple_ref/occ/clm/IFlyResourceUtil/ENGINE_DESTROY</TokenIdentifier>
			<Abstract type="html">获取通过MSPSetParam，销毁引擎的标识</Abstract>
			<DeclaredIn>IFlyResourceUtil.h</DeclaredIn>
			
			<Declaration>+ (NSString *)ENGINE_DESTROY</Declaration>
			
			<ReturnValue><Abstract type="html">通过MSPSetParam，销毁引擎的标识</Abstract></ReturnValue>
			<Anchor>//api/name/ENGINE_DESTROY</Anchor>
            <NodeRef refid="8"/>
		</Token>
		
		<Token>
			<TokenIdentifier>//apple_ref/occ/clm/IFlyResourceUtil/ASR_RES_PATH</TokenIdentifier>
			<Abstract type="html">获取识别引擎的资源目录标识</Abstract>
			<DeclaredIn>IFlyResourceUtil.h</DeclaredIn>
			
			<Declaration>+ (NSString *)ASR_RES_PATH</Declaration>
			
			<ReturnValue><Abstract type="html">识别引擎的资源目录标识</Abstract></ReturnValue>
			<Anchor>//api/name/ASR_RES_PATH</Anchor>
            <NodeRef refid="8"/>
		</Token>
		
		<Token>
			<TokenIdentifier>//apple_ref/occ/clm/IFlyResourceUtil/GRM_BUILD_PATH</TokenIdentifier>
			<Abstract type="html">得到语法构建目录</Abstract>
			<DeclaredIn>IFlyResourceUtil.h</DeclaredIn>
			
			<Declaration>+ (NSString *)GRM_BUILD_PATH</Declaration>
			
			<ReturnValue><Abstract type="html">语法构建目录</Abstract></ReturnValue>
			<Anchor>//api/name/GRM_BUILD_PATH</Anchor>
            <NodeRef refid="8"/>
		</Token>
		
		<Token>
			<TokenIdentifier>//apple_ref/occ/clm/IFlyResourceUtil/TTS_RES_PATH</TokenIdentifier>
			<Abstract type="html">获取合成引擎的资源目录标识，同时需要先传入voice_name方可生效</Abstract>
			<DeclaredIn>IFlyResourceUtil.h</DeclaredIn>
			
			<Declaration>+ (NSString *)TTS_RES_PATH</Declaration>
			
			<ReturnValue><Abstract type="html">合成引擎的资源目录标识，同时需要先传入voice_name方可生效</Abstract></ReturnValue>
			<Anchor>//api/name/TTS_RES_PATH</Anchor>
            <NodeRef refid="8"/>
		</Token>
		
		<Token>
			<TokenIdentifier>//apple_ref/occ/clm/IFlyResourceUtil/IVW_RES_PATH</TokenIdentifier>
			<Abstract type="html">获取唤醒资源的资源目录标识</Abstract>
			<DeclaredIn>IFlyResourceUtil.h</DeclaredIn>
			
			<Declaration>+ (NSString *)IVW_RES_PATH</Declaration>
			
			<ReturnValue><Abstract type="html">唤醒资源的资源目录标识</Abstract></ReturnValue>
			<Anchor>//api/name/IVW_RES_PATH</Anchor>
            <NodeRef refid="8"/>
		</Token>
		
		<Token>
			<TokenIdentifier>//apple_ref/occ/clm/IFlyResourceUtil/GRAMMARTYPE</TokenIdentifier>
			<Abstract type="html">语法类型</Abstract>
			<DeclaredIn>IFlyResourceUtil.h</DeclaredIn>
			
			<Declaration>+ (NSString *)GRAMMARTYPE</Declaration>
			
			<ReturnValue><Abstract type="html">语法类型</Abstract></ReturnValue>
			<Anchor>//api/name/GRAMMARTYPE</Anchor>
            <NodeRef refid="8"/>
		</Token>
		
		<Token>
			<TokenIdentifier>//apple_ref/occ/clm/IFlyResourceUtil/PLUS_LOCAL_DEFAULT_RES_PATH</TokenIdentifier>
			<Abstract type="html">语记SDK专用参数，用于设置本地默认资源路径</Abstract>
			<DeclaredIn>IFlyResourceUtil.h</DeclaredIn>
			
			<Declaration>+ (NSString *)PLUS_LOCAL_DEFAULT_RES_PATH</Declaration>
			
			<ReturnValue><Abstract type="html">本地默认资源路径key字符串</Abstract></ReturnValue>
			<Anchor>//api/name/PLUS_LOCAL_DEFAULT_RES_PATH</Anchor>
            <NodeRef refid="8"/>
		</Token>
		
		<Token>
			<TokenIdentifier>//apple_ref/occ/clm/IFlyResourceUtil/generateResourcePath:</TokenIdentifier>
			<Abstract type="html">资源存放路径</Abstract>
			<DeclaredIn>IFlyResourceUtil.h</DeclaredIn>
			
			<Declaration>+ (NSString *)generateResourcePath:(NSString *)path</Declaration>
			<Parameters>
				<Parameter>
					<Name>path</Name>
					<Abstract type="html">设置的路径</Abstract>
				</Parameter>
			</Parameters>
			<ReturnValue><Abstract type="html">资源目录</Abstract></ReturnValue>
			<Anchor>//api/name/generateResourcePath:</Anchor>
            <NodeRef refid="8"/>
		</Token>
		
		<Token>
			<TokenIdentifier>//apple_ref/occ/clm/IFlyResourceUtil/identifierForVoiceName:</TokenIdentifier>
			<Abstract type="html">获得离线发音人对应的id</Abstract>
			<DeclaredIn>IFlyResourceUtil.h</DeclaredIn>
			
			<Declaration>+ (NSString *)identifierForVoiceName:(NSString *)voiceName</Declaration>
			<Parameters>
				<Parameter>
					<Name>voiceName</Name>
					<Abstract type="html">发音人名称</Abstract>
				</Parameter>
			</Parameters>
			<ReturnValue><Abstract type="html">有，发音人对应的id；无，返回nil</Abstract></ReturnValue>
			<Anchor>//api/name/identifierForVoiceName:</Anchor>
            <NodeRef refid="8"/>
		</Token>
		
        
        
	</File>
</Tokens>