<?xml version="1.0" encoding="UTF-8"?>
<Tokens version="1.0">
	<File path="Classes/IFlyRecognizerView.html">
		
		<Token>
			<TokenIdentifier>//apple_ref/occ/cl/IFlyRecognizerView</TokenIdentifier>
			<Abstract type="html">语音识别控件&lt;br&gt;
录音时触摸控件结束录音，开始识别（相当于旧版的停止）；触摸其他位置，取消录音，结束会话（取消）&lt;br&gt;
出错时触摸控件，重新开启会话（相当于旧版的再说一次）；触摸其他位置，取消录音，结束会话（取消）</Abstract>
			<DeclaredIn>IFlyRecognizerView.h</DeclaredIn>
            
			
			<NodeRef refid="7"/>
		</Token>
		
		
		<Token>
			<TokenIdentifier>//apple_ref/occ/instm/IFlyRecognizerView/setDelegate:</TokenIdentifier>
			<Abstract type="html">设置委托对象</Abstract>
			<DeclaredIn>IFlyRecognizerView.h</DeclaredIn>
			
			<Declaration>@property (nonatomic, assign) id&lt;IFlyRecognizerViewDelegate&gt; delegate</Declaration>
			
			
			<Anchor>//api/name/delegate</Anchor>
            <NodeRef refid="7"/>
		</Token>
		
		<Token>
			<TokenIdentifier>//apple_ref/occ/instm/IFlyRecognizerView/delegate</TokenIdentifier>
			<Abstract type="html">设置委托对象</Abstract>
			<DeclaredIn>IFlyRecognizerView.h</DeclaredIn>
			
			<Declaration>@property (nonatomic, assign) id&lt;IFlyRecognizerViewDelegate&gt; delegate</Declaration>
			
			
			<Anchor>//api/name/delegate</Anchor>
            <NodeRef refid="7"/>
		</Token>
		
		<Token>
			<TokenIdentifier>//apple_ref/occ/instp/IFlyRecognizerView/delegate</TokenIdentifier>
			<Abstract type="html">设置委托对象</Abstract>
			<DeclaredIn>IFlyRecognizerView.h</DeclaredIn>
			
			<Declaration>@property (nonatomic, assign) id&lt;IFlyRecognizerViewDelegate&gt; delegate</Declaration>
			
			
			<Anchor>//api/name/delegate</Anchor>
            <NodeRef refid="7"/>
		</Token>
		
		<Token>
			<TokenIdentifier>//apple_ref/occ/instm/IFlyRecognizerView/initWithOrigin:</TokenIdentifier>
			<Abstract type="html">初始化控件</Abstract>
			<DeclaredIn>IFlyRecognizerView.h</DeclaredIn>
			
			<Declaration>- (id)initWithOrigin:(CGPoint)origin</Declaration>
			<Parameters>
				<Parameter>
					<Name>origin</Name>
					<Abstract type="html">控件左上角的坐标</Abstract>
				</Parameter>
			</Parameters>
			<ReturnValue><Abstract type="html">IFlyRecognizerView 对象</Abstract></ReturnValue>
			<Anchor>//api/name/initWithOrigin:</Anchor>
            <NodeRef refid="7"/>
		</Token>
		
		<Token>
			<TokenIdentifier>//apple_ref/occ/instm/IFlyRecognizerView/initWithCenter:</TokenIdentifier>
			<Abstract type="html">初始化控件</Abstract>
			<DeclaredIn>IFlyRecognizerView.h</DeclaredIn>
			
			<Declaration>- (id)initWithCenter:(CGPoint)center</Declaration>
			<Parameters>
				<Parameter>
					<Name>center</Name>
					<Abstract type="html">控件中心的坐标</Abstract>
				</Parameter>
			</Parameters>
			<ReturnValue><Abstract type="html">IFlyRecognizerView 对象</Abstract></ReturnValue>
			<Anchor>//api/name/initWithCenter:</Anchor>
            <NodeRef refid="7"/>
		</Token>
		
		<Token>
			<TokenIdentifier>//apple_ref/occ/instm/IFlyRecognizerView/setAutoRotate:</TokenIdentifier>
			<Abstract type="html">设置横竖屏自适应</Abstract>
			<DeclaredIn>IFlyRecognizerView.h</DeclaredIn>
			
			<Declaration>- (void)setAutoRotate:(BOOL)autoRotate</Declaration>
			<Parameters>
				<Parameter>
					<Name>autoRotate</Name>
					<Abstract type="html">默认值YES，横竖屏自适应</Abstract>
				</Parameter>
			</Parameters>
			
			<Anchor>//api/name/setAutoRotate:</Anchor>
            <NodeRef refid="7"/>
		</Token>
		
		<Token>
			<TokenIdentifier>//apple_ref/occ/instm/IFlyRecognizerView/setParameter:forKey:</TokenIdentifier>
			<Abstract type="html">设置识别引擎的参数</Abstract>
			<DeclaredIn>IFlyRecognizerView.h</DeclaredIn>
			
			<Declaration>- (BOOL)setParameter:(NSString *)value forKey:(NSString *)key</Declaration>
			<Parameters>
				<Parameter>
					<Name>value</Name>
					<Abstract type="html">参数对应的取值</Abstract>
				</Parameter><Parameter>
					<Name>key</Name>
					<Abstract type="html">识别引擎参数</Abstract>
				</Parameter>
			</Parameters>
			<ReturnValue><Abstract type="html">成功返回YES；失败返回NO</Abstract></ReturnValue>
			<Anchor>//api/name/setParameter:forKey:</Anchor>
            <NodeRef refid="7"/>
		</Token>
		
		<Token>
			<TokenIdentifier>//apple_ref/occ/instm/IFlyRecognizerView/parameterForKey:</TokenIdentifier>
			<Abstract type="html">获取识别引擎参数</Abstract>
			<DeclaredIn>IFlyRecognizerView.h</DeclaredIn>
			
			<Declaration>- (NSString *)parameterForKey:(NSString *)key</Declaration>
			<Parameters>
				<Parameter>
					<Name>key</Name>
					<Abstract type="html">参数key</Abstract>
				</Parameter>
			</Parameters>
			<ReturnValue><Abstract type="html">参数值</Abstract></ReturnValue>
			<Anchor>//api/name/parameterForKey:</Anchor>
            <NodeRef refid="7"/>
		</Token>
		
		<Token>
			<TokenIdentifier>//apple_ref/occ/instm/IFlyRecognizerView/start</TokenIdentifier>
			<Abstract type="html">开始识别</Abstract>
			<DeclaredIn>IFlyRecognizerView.h</DeclaredIn>
			
			<Declaration>- (BOOL)start</Declaration>
			
			<ReturnValue><Abstract type="html">成功返回YES；失败返回NO</Abstract></ReturnValue>
			<Anchor>//api/name/start</Anchor>
            <NodeRef refid="7"/>
		</Token>
		
		<Token>
			<TokenIdentifier>//apple_ref/occ/instm/IFlyRecognizerView/cancel</TokenIdentifier>
			<Abstract type="html">取消本次识别</Abstract>
			<DeclaredIn>IFlyRecognizerView.h</DeclaredIn>
			
			<Declaration>- (void)cancel</Declaration>
			
			
			<Anchor>//api/name/cancel</Anchor>
            <NodeRef refid="7"/>
		</Token>
		
        
        
	</File>
</Tokens>